{"\u6cbb\u6108": 0.037631166324930646, "\u81f4\u90c1": 0.011578820407670968, "\u6821\u56ed": 0.03618381377397178, "\u604b\u7231": 0.018815583162465323, "\u6e38\u620f\u6539": 0.007236762754794355, "\u767e\u5408": 0.019418646725364853, "\u6218\u6597": 0.06694005548184778, "\u673a\u6218": 0.018815583162465323, "\u539f\u521b": 0.021348450126643347, "\u540e\u5bab": 0.027982149318538173, "\u65e5\u5e38": 0.08394644795561453, "\u6ce1\u9762": 0.020262935713424194, "\u730e\u5947": 0.01242310939573031, "\u79d1\u5e7b": 0.06657821734410807, "\u50ac\u6cea": 0.007357375467374261, "\u52b1\u5fd7": 0.00651308647931492, "\u5947\u5e7b": 0.103847545531299, "\u5c11\u5973": 0.030635628995296104, "\u70ed\u8840": 0.10227958026776023, "\u8fd0\u52a8": 0.012302496683150404, "\u5076\u50cf": 0.00711615004221445, "\u5c11\u513f": 0.01809190688698589, "\u58f0\u63a7": 0.009045953443492944, "\u8f7b\u6539": 0.012664334820890123, "\u641e\u7b11": 0.0548787842238572, "\u6f2b\u6539": 0.022433964539862503, "\u57fa\u8150": 0.008442889880593414, "\u795e\u9b54": 0.008081051742853698, "\u9b54\u6cd5": 0.012905560246049934, "\u840c\u7cfb": 0.04583283078036425, "\u667a\u6597": 0.007839826317693884, "\u63a8\u7406": 0.006995537329634543, "\u97f3\u4e50": 0.008201664455433603, "\u793e\u56e2": 0.008684115305753226, "\u4e59\u5973": 0.005789410203835484, "\u7f8e\u98df": 0.004462670365456519, "\u4f2a\u5a18": 0.005306959353515861, "\u804c\u573a": 0.0025328669641780243, "\u5386\u53f2": 0.010010855144132191, "\u65f6\u6cea": 0.024725606078880715, "\u88c5\u903c": 0.0038596068025569894}